<?xml version="1.0"?>
<SafetyControllerRobotData version="1.0" xmlns="urn:abb-robotics-safety-controller-robotconfiguration">
  <Robot robotType="RED7" robotTypeName="IRB_14050_05_05">
    <Joint jointId="1" servoLag="2" servoDelay="2" maxSpeedManualMode="62.8">
      <Arm>
        <Kinvec1 x="0" y="0" z="0.1985" />
        <Kinvec2 x="0" y="0" z="0" />
      </Arm>
      <Transmission transmJoint="100" rotatingMove="true" />
      <MeasurementChannel node="1" link="1" boardPosition="1" minSquareXYSum="0.16" maxSquareXYSum="1" />
    </Joint>
    <Joint jointId="2" servoLag="2" servoDelay="2" maxSpeedManualMode="62.8">
      <Arm>
        <Kinvec1 x="-0.03" y="0" z="0.1075" />
      </Arm>
      <Transmission transmJoint="-100" rotatingMove="true" />
      <MeasurementChannel node="2" link="1" boardPosition="1" minSquareXYSum="0.16" maxSquareXYSum="1" />
    </Joint>
    <Joint jointId="3" servoLag="2" servoDelay="2" maxSpeedManualMode="62.8">
      <Arm>
        <Kinvec1 x="0.0405" y="0" z="0.0912" />
      </Arm>
      <Transmission transmJoint="-100" rotatingMove="true" />
      <MeasurementChannel node="3" link="1" boardPosition="1" minSquareXYSum="0.16" maxSquareXYSum="1" />
    </Joint>
    <Joint jointId="4" servoLag="2" servoDelay="2" maxSpeedManualMode="126">
      <Arm>
        <Kinvec1 x="0.1396" y="0" z="0.0405" />
      </Arm>
      <Transmission transmJoint="100" rotatingMove="true" />
      <MeasurementChannel node="4" link="1" boardPosition="1" minSquareXYSum="0.16" maxSquareXYSum="1" />
    </Joint>
    <Joint jointId="5" servoLag="2" servoDelay="2" maxSpeedManualMode="126">
      <Arm>
        <Kinvec1 x="0.1254" y="0" z="-0.027" />
      </Arm>
      <Transmission transmJoint="-100" rotatingMove="true" />
      <MeasurementChannel node="5" link="1" boardPosition="1" minSquareXYSum="0.16" maxSquareXYSum="1" />
    </Joint>
    <Joint jointId="6" servoLag="2" servoDelay="2" maxSpeedManualMode="168">
      <Arm>
        <Kinvec1 x="0.036" y="0" z="0.027" />
      </Arm>
      <Transmission transmJoint="100" rotatingMove="true" />
      <MeasurementChannel node="6" link="1" boardPosition="1" minSquareXYSum="0.16" maxSquareXYSum="1" />
    </Joint>
    <IntegratedJoint jointId="7" servoLag="2" servoDelay="2" maxSpeedManualMode="119.32">
      <Arm>
        <Kinvec1 x="0.03" y="0" z="0.1603" />
      </Arm>
      <Transmission transmJoint="100" rotatingMove="true" />
      <MeasurementChannel node="7" link="1" boardPosition="1" minSquareXYSum="0.16" maxSquareXYSum="1" />
    </IntegratedJoint>
    <ElbowOffset x="0" y="0" z="0" />
  </Robot>
  <STOP1 delay="200" cartDecel="44.85" />
</SafetyControllerRobotData>