[{"program name":"Pick-and-place-basico.pgf","path":"D:\\Robo ABB\\Pick and place basico\\Pick-and-place-basico\\Pick-and-place-basico.pgf","datetime":"2019-03-09T05:26:44.8596519+00:00","taskName":"T_ROB1","isLoadedFromUsb":true},{"program name":"Planta_Exsto_1.pgf","path":"D:\\Robo ABB\\Planta ind 4.0\\Planta_Exsto_1\\Planta_Exsto_1.pgf","datetime":"2019-03-09T05:25:35.272503+00:00","taskName":"T_ROB1","isLoadedFromUsb":true},{"program name":"Prog5.pgf","path":"D:\\Programas\\Prog5\\Prog5.pgf","datetime":"2019-03-09T02:51:31.501204+00:00","taskName":"T_ROB1","isLoadedFromUsb":true},{"program name":"Prog4.pgf","path":"D:\\Programas\\Prog4\\Prog4.pgf","datetime":"2019-03-09T01:43:06.270908+00:00","taskName":"T_ROB1","isLoadedFromUsb":true},{"program name":"Planta_Exsto_1.pgf","path":"/user/HOME/Planta ind 4.0/Planta_Exsto_1/Planta_Exsto_1.pgf","datetime":"2019-03-09T01:00:13.0375592+00:00","taskName":"T_ROB1","isLoadedFromUsb":false}]