<?xml version="1.0" encoding="UTF-8"?>
<SystemProperties>
  <SystemName>SA_YUMI_1</SystemName>
  <SerialNo>VIRTUAL_CONTROLLER</SerialNo>
  <UsedMedia>
    <Media path="C:/Users/NeroH/AppData/Local/ABB/RobotWare/RobotControl_7.0.4" name="RobotControl" version="7.0.4+636" versionName="7.0.4"/>
    <Media path="C:/Users/NeroH/AppData/Local/ABB/RobotWare/RobotOS_1.0.1" name="RobotOS" version="1.0.1+842" versionName="1.0.1"/>
    <Media path="C:/Users/NeroH/AppData/Local/ABB/RobotWare/Robots_1.0.3" name="Robots" version="1.0.3+320" versionName="1.0.3"/>
  </UsedMedia>
  <ControlModule>
    <Option descr="Contact L"/>
    <Option descr="Leadthrough"/>
    <Option descr="RobotControl Base"/>
    <Option descr="English"/>
    <Option descr="3020-2 PROFINET Device"/>
    <Option descr="3106-1 World Zones"/>
    <Option descr="3107-1 Collision Detection"/>
    <Option descr="3150-1 Collision Avoidance"/>
    <Option descr="3108-1 SoftMove"/>
    <Option descr="3113-1 Path Recovery"/>
    <Option descr="3114-1 Multitasking"/>
    <Option descr="3119-1 RobotStudio Connect"/>
    <Option descr="3120-2 FlexPendant Essential App Package"/>
    <Option descr="3151-1 FlexPendant Program Package"/>
    <Option descr="3121-1 RW Add-In Prepared"/>
    <Option descr="3127-1 Integrated Vision Interface"/>
    <Option descr="SmartGripper Support"/>
  </ControlModule>
  <DriveModule>
    <Name>Robot1</Name>
    <Option descr="Hall Sensor Calibration"/>
    <Option descr="Motor Commutation"/>
    <Option descr="Service Info System"/>
    <Option descr="Drive System IRB 14050"/>
  </DriveModule>
  <AdditionalOption>
    <Name>Robots</Name>
    <Option descr="IRB 14050-0.5/0.5"/>
  </AdditionalOption>
</SystemProperties>
