<?xml version = "1.0" encoding="utf-8" ?>
<cfgrules_registry xmlns="urn:abb-robotics-registry-cfg-rules">
<entry domain="EIO" prepath="C:/Users/NeroH/AppData/Local/ABB/RobotWare/RobotControl_7.0.4/rules/cfg/" postpath="cir_eio_cfgrules.xml"/>
<entry domain="MOC" prepath="C:/Users/NeroH/AppData/Local/ABB/RobotWare/RobotControl_7.0.4/rules/cfg/" postpath="moc_cfgrules.xml"/>
<entry domain="EIO" prepath="C:/Users/NeroH/AppData/Local/ABB/RobotWare/RobotControl_7.0.4/rules/cfg/" postpath="eio_cfgrules.xml"/>
<entry domain="SIO" prepath="C:/Users/NeroH/AppData/Local/ABB/RobotWare/RobotControl_7.0.4/rules/cfg/" postpath="sio_cfgrules.xml"/>
<entry domain="SIO" prepath="C:/Users/NeroH/AppData/Local/ABB/RobotWare/RobotControl_7.0.4/rules/cfg/" postpath="sio_net_cfgrules.xml"/>
<entry domain="SIO" prepath="C:/Users/NeroH/AppData/Local/ABB/RobotWare/RobotControl_7.0.4/rules/cfg/" postpath="sio_firewall_mgr_cfgrules.xml"/>
<entry domain="SYS" prepath="C:/Users/NeroH/AppData/Local/ABB/RobotWare/RobotControl_7.0.4/rules/cfg/" postpath="cir_sys_cfgrules.xml"/>
<entry domain="SYS" prepath="C:/Users/NeroH/AppData/Local/ABB/RobotWare/RobotControl_7.0.4/rules/cfg/" postpath="sys_fan_control_cfgrules.xml"/>
<entry domain="DBG" prepath="C:/Users/NeroH/AppData/Local/ABB/RobotWare/RobotControl_7.0.4/rules/cfg/" postpath="dbg_cfgrules.xml"/>
<entry domain="MMC" prepath="C:/Users/NeroH/AppData/Local/ABB/RobotWare/RobotControl_7.0.4/rules/cfg/" postpath="cir_mmc_cfgrules.xml"/>
<entry domain="SYS" prepath="C:/Users/NeroH/AppData/Local/ABB/RobotWare/RobotControl_7.0.4/rules/cfg/" postpath="vc_cfgrules.xml"/>
<entry domain="SIO" prepath="C:/Users/NeroH/AppData/Local/ABB/RobotWare/RobotControl_7.0.4/rules/cfg/" postpath="sio_iv_cfgrules.xml"/>
<entry domain="EIO" prepath="C:/Users/NeroH/AppData/Local/ABB/RobotWare/RobotControl_7.0.4/options/enms" postpath="/en_base_cfgrules.xml"/>
<entry domain="EIO" prepath="C:/Users/NeroH/AppData/Local/ABB/RobotWare/RobotControl_7.0.4/options/pnet" postpath="/pn_network_cfgrules.xml"/>
<entry domain="EIO" prepath="C:/Users/NeroH/AppData/Local/ABB/RobotWare/RobotControl_7.0.4/options/pnet" postpath="/pn_driver_cfgrules.xml"/>
<entry domain="EIO" prepath="C:/Users/NeroH/AppData/Local/ABB/RobotWare/RobotControl_7.0.4/options/pnet" postpath="/pn_device_cfgrules.xml"/>
<entry domain="SIO" prepath="C:/Users/NeroH/AppData/Local/ABB/RobotWare/RobotControl_7.0.4/options/cse/" postpath="cse_cfgrules.xml"/>
<entry domain="SIO" prepath="C:/Users/NeroH/AppData/Local/ABB/RobotWare/RobotControl_7.0.4/options/csgw/" postpath="csgw_cfgrules.xml"/>
<entry domain="SYS" prepath="C:/Users/NeroH/AppData/Local/ABB/RobotWare/RobotControl_7.0.4/options/mt/" postpath="cir_sys_mt_cfgrules.xml"/>
</cfgrules_registry>