<?xml version = "1.0" encoding="utf-8" ?>
<cfgtext_registry xmlns="urn:abb-robotics-registry-cfg-text">
<entry domain="EIO" prepath="C:/Users/NeroH/AppData/Local/ABB/RobotWare/RobotControl_7.0.4/language/install/../" postpath="/controller/cfg/cir_eio_cfgtext.xml"/>
<entry domain="EIO" prepath="C:/Users/NeroH/AppData/Local/ABB/RobotWare/RobotControl_7.0.4/language/install/../" postpath="/controller/cfg/eio_cfgtext.xml"/>
<entry domain="SIO" prepath="C:/Users/NeroH/AppData/Local/ABB/RobotWare/RobotControl_7.0.4/language/install/../" postpath="/controller/cfg/sio_cfgtext.xml"/>
<entry domain="SIO" prepath="C:/Users/NeroH/AppData/Local/ABB/RobotWare/RobotControl_7.0.4/language/install/../" postpath="/controller/cfg/sio_net_cfgtext.xml"/>
<entry domain="SIO" prepath="C:/Users/NeroH/AppData/Local/ABB/RobotWare/RobotControl_7.0.4/language/install/../" postpath="/controller/cfg/sio_firewall_mgr_cfgtext.xml"/>
<entry domain="SYS" prepath="C:/Users/NeroH/AppData/Local/ABB/RobotWare/RobotControl_7.0.4/language/install/../" postpath="/controller/cfg/sys_fan_control_cfgtext.xml"/>
<entry domain="SYS" prepath="C:/Users/NeroH/AppData/Local/ABB/RobotWare/RobotControl_7.0.4/language/install/../" postpath="/controller/cfg/cir_sys_cfgtext.xml"/>
<entry domain="DBG" prepath="C:/Users/NeroH/AppData/Local/ABB/RobotWare/RobotControl_7.0.4/language/install/../" postpath="/controller/cfg/dbg_cfgtext.xml"/>
<entry domain="SYS" prepath="C:/Users/NeroH/AppData/Local/ABB/RobotWare/RobotControl_7.0.4/language/install/../" postpath="/controller/cfg/vc_sys_cfgtext.xml"/>
<entry domain="MOC" prepath="C:/Users/NeroH/AppData/Local/ABB/RobotWare/RobotControl_7.0.4/language/install/../" postpath="/controller/cfg/moc_cfgtext.xml"/>
<entry domain="MMC" prepath="C:/Users/NeroH/AppData/Local/ABB/RobotWare/RobotControl_7.0.4/language/install/../" postpath="/controller/cfg/cir_mmc_cfgtext.xml"/>
<entry domain="SIO" prepath="C:/Users/NeroH/AppData/Local/ABB/RobotWare/RobotControl_7.0.4/language/install/../" postpath="/controller/cfg/sio_iv_cfgtext.xml"/>
<entry domain="EIO" prepath="C:/Users/NeroH/AppData/Local/ABB/RobotWare/RobotControl_7.0.4/options/enms/language/" postpath="/en_cfgtext.xml"/>
<entry domain="EIO" prepath="C:/Users/NeroH/AppData/Local/ABB/RobotWare/RobotControl_7.0.4/options/pnet/language/" postpath="/pn_driver_cfgtext.xml"/>
<entry domain="EIO" prepath="C:/Users/NeroH/AppData/Local/ABB/RobotWare/RobotControl_7.0.4/options/pnet/language/" postpath="/pn_network_cfgtext.xml"/>
<entry domain="EIO" prepath="C:/Users/NeroH/AppData/Local/ABB/RobotWare/RobotControl_7.0.4/options/pnet/language/" postpath="/pn_device_cfgtext.xml"/>
<entry domain="SIO" prepath="C:/Users/NeroH/AppData/Local/ABB/RobotWare/RobotControl_7.0.4/options/cse/language/" postpath="/cse_cfgtext.xml"/>
<entry domain="SIO" prepath="C:/Users/NeroH/AppData/Local/ABB/RobotWare/RobotControl_7.0.4/options/csgw/language/" postpath="/csgw_cfgtext.xml"/>
<entry domain="SYS" prepath="C:/Users/NeroH/AppData/Local/ABB/RobotWare/RobotControl_7.0.4/options/mt/language/" postpath="/cir_sys_mt_cfgtext.xml"/>
</cfgtext_registry>