<?xml version = "1.0" encoding="utf-8" ?>
<elogtext_registry xmlns="urn:abb-robotics-registry-elog-text">
<entry domain_no="1" min="2" max="134" prepath="C:/Users/NeroH/AppData/Local/ABB/RobotWare/RobotControl_7.0.4/language/install/../" postpath="/controller/elog/opr_elogtext_1.xml"/>
<entry domain_no="1" min="135" max="298" prepath="C:/Users/NeroH/AppData/Local/ABB/RobotWare/RobotControl_7.0.4/language/install/../" postpath="/controller/elog/opr_elogtext_2.xml"/>
<entry domain_no="1" min="300" max="2700" prepath="C:/Users/NeroH/AppData/Local/ABB/RobotWare/RobotControl_7.0.4/language/install/../" postpath="/controller/elog/opr_elogtext_3.xml"/>
<entry domain_no="2" min="12" max="161" prepath="C:/Users/NeroH/AppData/Local/ABB/RobotWare/RobotControl_7.0.4/language/install/../" postpath="/controller/elog/sys_elogtext_1.xml"/>
<entry domain_no="2" min="162" max="393" prepath="C:/Users/NeroH/AppData/Local/ABB/RobotWare/RobotControl_7.0.4/language/install/../" postpath="/controller/elog/sys_elogtext_2.xml"/>
<entry domain_no="2" min="394" max="669" prepath="C:/Users/NeroH/AppData/Local/ABB/RobotWare/RobotControl_7.0.4/language/install/../" postpath="/controller/elog/sys_elogtext_3.xml"/>
<entry domain_no="3" min="1810" max="2565" prepath="C:/Users/NeroH/AppData/Local/ABB/RobotWare/RobotControl_7.0.4/language/install/../" postpath="/controller/elog/hw_elogtext_1.xml"/>
<entry domain_no="3" min="2567" max="4265" prepath="C:/Users/NeroH/AppData/Local/ABB/RobotWare/RobotControl_7.0.4/language/install/../" postpath="/controller/elog/hw_elogtext_2.xml"/>
<entry domain_no="3" min="4266" max="4317" prepath="C:/Users/NeroH/AppData/Local/ABB/RobotWare/RobotControl_7.0.4/language/install/../" postpath="/controller/elog/hw_elogtext_3.xml"/>
<entry domain_no="3" min="4318" max="6605" prepath="C:/Users/NeroH/AppData/Local/ABB/RobotWare/RobotControl_7.0.4/language/install/../" postpath="/controller/elog/hw_elogtext_4.xml"/>
<entry domain_no="3" min="6606" max="8104" prepath="C:/Users/NeroH/AppData/Local/ABB/RobotWare/RobotControl_7.0.4/language/install/../" postpath="/controller/elog/hw_elogtext_5.xml"/>
<entry domain_no="3" min="8200" max="9523" prepath="C:/Users/NeroH/AppData/Local/ABB/RobotWare/RobotControl_7.0.4/language/install/../" postpath="/controller/elog/hw_elogtext_6.xml"/>
<entry domain_no="3" min="9525" max="9700" prepath="C:/Users/NeroH/AppData/Local/ABB/RobotWare/RobotControl_7.0.4/language/install/../" postpath="/controller/elog/hw_elogtext_7.xml"/>
<entry domain_no="4" min="1" max="98" prepath="C:/Users/NeroH/AppData/Local/ABB/RobotWare/RobotControl_7.0.4/language/install/../" postpath="/controller/elog/arl_elogtext_1.xml"/>
<entry domain_no="4" min="99" max="245" prepath="C:/Users/NeroH/AppData/Local/ABB/RobotWare/RobotControl_7.0.4/language/install/../" postpath="/controller/elog/arl_elogtext_2.xml"/>
<entry domain_no="4" min="246" max="555" prepath="C:/Users/NeroH/AppData/Local/ABB/RobotWare/RobotControl_7.0.4/language/install/../" postpath="/controller/elog/arl_elogtext_3.xml"/>
<entry domain_no="4" min="556" max="702" prepath="C:/Users/NeroH/AppData/Local/ABB/RobotWare/RobotControl_7.0.4/language/install/../" postpath="/controller/elog/arl_elogtext_4.xml"/>
<entry domain_no="4" min="703" max="812" prepath="C:/Users/NeroH/AppData/Local/ABB/RobotWare/RobotControl_7.0.4/language/install/../" postpath="/controller/elog/arl_elogtext_5.xml"/>
<entry domain_no="4" min="813" max="1474" prepath="C:/Users/NeroH/AppData/Local/ABB/RobotWare/RobotControl_7.0.4/language/install/../" postpath="/controller/elog/arl_elogtext_6.xml"/>
<entry domain_no="4" min="1475" max="1575" prepath="C:/Users/NeroH/AppData/Local/ABB/RobotWare/RobotControl_7.0.4/language/install/../" postpath="/controller/elog/arl_elogtext_7.xml"/>
<entry domain_no="4" min="1576" max="1678" prepath="C:/Users/NeroH/AppData/Local/ABB/RobotWare/RobotControl_7.0.4/language/install/../" postpath="/controller/elog/arl_elogtext_8.xml"/>
<entry domain_no="4" min="1679" max="1786" prepath="C:/Users/NeroH/AppData/Local/ABB/RobotWare/RobotControl_7.0.4/language/install/../" postpath="/controller/elog/arl_elogtext_9.xml"/>
<entry domain_no="4" min="1787" max="1908" prepath="C:/Users/NeroH/AppData/Local/ABB/RobotWare/RobotControl_7.0.4/language/install/../" postpath="/controller/elog/arl_elogtext_10.xml"/>
<entry domain_no="5" min="21" max="215" prepath="C:/Users/NeroH/AppData/Local/ABB/RobotWare/RobotControl_7.0.4/language/install/../" postpath="/controller/elog/moc_elogtext_1.xml"/>
<entry domain_no="5" min="218" max="321" prepath="C:/Users/NeroH/AppData/Local/ABB/RobotWare/RobotControl_7.0.4/language/install/../" postpath="/controller/elog/moc_elogtext_2.xml"/>
<entry domain_no="5" min="322" max="419" prepath="C:/Users/NeroH/AppData/Local/ABB/RobotWare/RobotControl_7.0.4/language/install/../" postpath="/controller/elog/moc_elogtext_3.xml"/>
<entry domain_no="5" min="420" max="509" prepath="C:/Users/NeroH/AppData/Local/ABB/RobotWare/RobotControl_7.0.4/language/install/../" postpath="/controller/elog/moc_elogtext_4.xml"/>
<entry domain_no="7" min="1001" max="1300" prepath="C:/Users/NeroH/AppData/Local/ABB/RobotWare/RobotControl_7.0.4/language/install/../" postpath="/controller/elog/io_elogtext_1.xml"/>
<entry domain_no="7" min="1301" max="1411" prepath="C:/Users/NeroH/AppData/Local/ABB/RobotWare/RobotControl_7.0.4/language/install/../" postpath="/controller/elog/io_elogtext_2.xml"/>
<entry domain_no="7" min="1412" max="1536" prepath="C:/Users/NeroH/AppData/Local/ABB/RobotWare/RobotControl_7.0.4/language/install/../" postpath="/controller/elog/io_elogtext_3.xml"/>
<entry domain_no="7" min="1537" max="1610" prepath="C:/Users/NeroH/AppData/Local/ABB/RobotWare/RobotControl_7.0.4/language/install/../" postpath="/controller/elog/io_elogtext_4.xml"/>
<entry domain_no="8" min="1" max="3" prepath="C:/Users/NeroH/AppData/Local/ABB/RobotWare/RobotControl_7.0.4/language/install/../" postpath="/controller/elog/usr_elogtext_1.xml"/>
<entry domain_no="9" min="500" max="630" prepath="C:/Users/NeroH/AppData/Local/ABB/RobotWare/RobotControl_7.0.4/language/install/../" postpath="/controller/elog/safety_elogtext_1.xml"/>
<entry domain_no="9" min="631" max="725" prepath="C:/Users/NeroH/AppData/Local/ABB/RobotWare/RobotControl_7.0.4/language/install/../" postpath="/controller/elog/safety_elogtext_2.xml"/>
<entry domain_no="9" min="770" max="890" prepath="C:/Users/NeroH/AppData/Local/ABB/RobotWare/RobotControl_7.0.4/language/install/../" postpath="/controller/elog/safety_elogtext_3.xml"/>
<entry domain_no="10" min="0" max="0" prepath="C:/Users/NeroH/AppData/Local/ABB/RobotWare/RobotControl_7.0.4/language/install/../" postpath="/controller/elog/int_elogtext_1.xml"/>
<entry domain_no="11" min="4800" max="4814" prepath="C:/Users/NeroH/AppData/Local/ABB/RobotWare/RobotControl_7.0.4/language/install/../" postpath="/controller/elog/miscproc_elogtext_1.xml"/>
<entry domain_no="12" min="1" max="21" prepath="C:/Users/NeroH/AppData/Local/ABB/RobotWare/RobotControl_7.0.4/language/install/../" postpath="/controller/elog/cfg_elogtext_1.xml"/>
<entry domain_no="15" min="330" max="330" prepath="C:/Users/NeroH/AppData/Local/ABB/RobotWare/RobotControl_7.0.4/language/install/../" postpath="/controller/elog/rapid_elogtext_1.xml"/>
<titles prepath="C:/Users/NeroH/AppData/Local/ABB/RobotWare/RobotControl_7.0.4/language/install/../" postpath="/controller/elog/domain_elogtitles.xml"/>
<domains prepath="C:/Users/NeroH/AppData/Local/ABB/RobotWare/RobotControl_7.0.4/language/install/../" postpath="/controller/elog/elog_domains.xml"/>
<domains prepath="C:/Users/NeroH/AppData/Local/ABB/RobotWare/RobotControl_7.0.4/options/cse/language/" postpath="/cse_elogdomain.xml"/>
<entry domain_no="17" min="1" max="999" prepath="C:/Users/NeroH/AppData/Local/ABB/RobotWare/RobotControl_7.0.4/options/cse/language/" postpath="/cse_elogtext.xml"/>
<titles prepath="C:/Users/NeroH/AppData/Local/ABB/RobotWare/RobotControl_7.0.4/options/cse/language/" postpath="/cse_elogtitles.xml"/>
<entry domain_no="11" min="2753" max="2760" prepath="C:/Users/NeroH/AppData/Local/ABB/RobotWare/RobotControl_7.0.4/options/smartgripper/language/" postpath="/SmartGripper_elogtext.xml" extopt="TRUE"/>
<titles prepath="C:/Users/NeroH/AppData/Local/ABB/RobotWare/RobotControl_7.0.4/options/smartgripper/language/" postpath="/SmartGripper_elogtitles.xml"/>
</elogtext_registry>