﻿<?xml version="1.0" encoding="utf-8"?>
<EventTable xmlns="urn:abb-robotics-robotstudio-eventtable">
  <EventTableEntry comment="" activationMode="Always" cyclic="False">
    <Trigger type="ABB.Robotics.RobotStudio.Stations.EventTableTriggerIO">
      <Property name="Name" type="System.String" value="gripper" />
      <Property name="Controller" type="ABB.Robotics.RobotStudio.Stations.RsIrc5Controller" value="{E1233752-AB15-48C6-AED7-54839ED699AC}" />
      <Property name="Operator" type="ABB.Robotics.RobotStudio.Stations.EventRelationalOperator" value="None" />
      <Property name="Value" type="System.Int32" value="1" />
    </Trigger>
    <Actions>
      <Action type="ABB.Robotics.RobotStudio.Stations.EventTableActionMechanicalPose">
        <Property name="Name" type="System.String" value="" />
        <Property name="Mechanism" type="ABB.Robotics.RobotStudio.Stations.Mechanism" value="Smart_Gripper_Servo_One_Vacuum_Camera_Fingers" />
        <Property name="ToPoseName" type="System.String" value="SyncPosition" />
        <Property name="VirtualSignal" type="System.String" value="" />
        <Property name="VirtualSignalValue" type="System.Int32" value="1" />
      </Action>
      <Action type="ABB.Robotics.RobotStudio.Stations.EventTableActionAttach">
        <Property name="Name" type="System.String" value="" />
        <Property name="AttachmentChild" type="" value="" />
        <Property name="AttachmentParent" type="ABB.Robotics.RobotStudio.Stations.Mechanism" value="Smart_Gripper_Servo_One_Vacuum_Camera_Fingers" />
        <Property name="FindNearest" type="System.Boolean" value="True" />
        <Property name="FlangeIndex" type="System.Int32" value="0" />
        <Property name="MountObject" type="System.Boolean" value="False" />
        <Property name="Offset" type="ABB.Robotics.Math.Matrix4" value="[[1 0 0 0] [0 1 0 0] [0 0 1 0] [0 0 0 1]]" />
      </Action>
    </Actions>
  </EventTableEntry>
  <EventTableEntry comment="" activationMode="Always" cyclic="False">
    <Trigger type="ABB.Robotics.RobotStudio.Stations.EventTableTriggerIO">
      <Property name="Name" type="System.String" value="gripper" />
      <Property name="Controller" type="ABB.Robotics.RobotStudio.Stations.RsIrc5Controller" value="{E1233752-AB15-48C6-AED7-54839ED699AC}" />
      <Property name="Operator" type="ABB.Robotics.RobotStudio.Stations.EventRelationalOperator" value="None" />
      <Property name="Value" type="System.Int32" value="0" />
    </Trigger>
    <Actions>
      <Action type="ABB.Robotics.RobotStudio.Stations.EventTableActionMechanicalPose">
        <Property name="Name" type="System.String" value="" />
        <Property name="Mechanism" type="ABB.Robotics.RobotStudio.Stations.Mechanism" value="Smart_Gripper_Servo_One_Vacuum_Camera_Fingers" />
        <Property name="ToPoseName" type="System.String" value="HomePosition" />
        <Property name="VirtualSignal" type="System.String" value="" />
        <Property name="VirtualSignalValue" type="System.Int32" value="1" />
      </Action>
      <Action type="ABB.Robotics.RobotStudio.Stations.EventTableActionDetach">
        <Property name="Name" type="System.String" value="" />
        <Property name="AttachmentChild" type="" value="" />
        <Property name="AttachmentParent" type="ABB.Robotics.RobotStudio.Stations.Mechanism" value="Smart_Gripper_Servo_One_Vacuum_Camera_Fingers" />
      </Action>
    </Actions>
  </EventTableEntry>
  <References>
    <Irc5Controller systemId="{E1233752-AB15-48C6-AED7-54839ED699AC}" name="SA_YUMI" />
  </References>
</EventTable>